iter	Logloss	F1
0	0.6099374126	0.6637089364
1	0.5429030433	0.6722627273
2	0.4896791943	0.6769129693
3	0.4461244318	0.6769071357
4	0.4112406297	0.6769071357
5	0.3858176761	0.6703031605
6	0.3625510899	0.6703209417
7	0.3447518946	0.673085609
8	0.3283383068	0.6777801403
9	0.3161418659	0.6757679181
10	0.304548266	0.6798642855
11	0.2958935154	0.675266308
12	0.2874244044	0.6750541673
13	0.2803708115	0.6750043375
14	0.2750656818	0.6799420244
15	0.2696863921	0.6764508808
16	0.2658479433	0.6764231157
17	0.2624707886	0.6764184525
18	0.2595317142	0.676752911
19	0.2569692849	0.6768067408
20	0.2541066929	0.6766054384
21	0.2521507421	0.676727367
22	0.2498800855	0.6767274929
23	0.2478927781	0.6767477379
24	0.2465831779	0.6792647311
25	0.2449992999	0.6791820603
26	0.2436173225	0.6791869232
27	0.2423923952	0.6767574889
28	0.2415895585	0.6768191216
29	0.2406068477	0.6768191216
30	0.2397357194	0.6767962767
31	0.2389876884	0.6765172493
32	0.2384774383	0.6765172493
33	0.2377541135	0.6809300731
34	0.2373420525	0.6800251994
35	0.2367338137	0.6801085082
36	0.2362765354	0.6801045059
37	0.2357975492	0.6797617085
38	0.2354197896	0.6844015023
39	0.2351707912	0.6838459957
40	0.2349450606	0.6838773702
41	0.2346465228	0.6843271798
42	0.2343819522	0.6847723816
43	0.234071583	0.6849615341
44	0.2338400672	0.6857163025
45	0.2336324324	0.6857610706
46	0.2334421207	0.6846813612
47	0.2332646569	0.6846272829
48	0.2331508124	0.6851476446
49	0.2330002176	0.6849293697
50	0.2328979355	0.6857672549
51	0.2327893382	0.6858647266
52	0.2326053945	0.6860690123
53	0.2324431602	0.6863598101
54	0.2323606818	0.686282278
55	0.2322177569	0.6864404982
56	0.2321295713	0.6864191593
57	0.2320495516	0.6864436744
58	0.2319654681	0.6864434353
59	0.2318361456	0.6864871365
60	0.2317252268	0.6865139445
61	0.2316128605	0.6867084124
62	0.2315110107	0.6871696912
63	0.2314451847	0.6870114422
64	0.231361268	0.6863854158
65	0.2312785238	0.6863701456
66	0.2312198255	0.6865329026
67	0.2311433418	0.6864093972
68	0.2310747209	0.6865713922
69	0.2310008844	0.686692726
70	0.2309264131	0.686900868
71	0.2308832292	0.6868252069
72	0.2308415344	0.6868922929
73	0.2308038212	0.6869841
74	0.230767243	0.686964526
75	0.2307255395	0.687084944
76	0.2306915853	0.6873128994
77	0.2306581432	0.6872247943
78	0.2305990119	0.6873739126
79	0.2305649712	0.6875433456
80	0.2305334257	0.687547768
81	0.2304976988	0.6875614779
82	0.2304391226	0.6875313997
83	0.2304160001	0.6876963129
84	0.23038541	0.6880065632
85	0.2303488083	0.6881337236
86	0.2303191181	0.6881385894
87	0.2302734245	0.688280289
88	0.2302476293	0.6881924167
89	0.2302285427	0.6882436531
90	0.2301819992	0.6883941193
91	0.230159833	0.68839458
92	0.2300969538	0.6887877674
93	0.2300617603	0.6888037764
94	0.2300310901	0.6888530891
95	0.2299924017	0.6887194454
96	0.2299693477	0.6888857486
97	0.2299423494	0.6891047148
98	0.229900709	0.6890301618
99	0.2298662981	0.6890106941
100	0.2298440176	0.6890653031
101	0.2298127401	0.6890800215
102	0.2297869224	0.6893670475
103	0.2297589557	0.6894366992
104	0.2297416585	0.6895817169
105	0.2297229939	0.6896765774
106	0.2297057734	0.6897748189
107	0.2296877352	0.6897033307
108	0.2296595271	0.6896955504
109	0.2296286767	0.689612845
110	0.229607155	0.689796235
111	0.2295802953	0.6899294781
112	0.2295436121	0.6902446587
113	0.229529257	0.6901241702
114	0.2295135672	0.6901820386
115	0.2295020032	0.6902199576
116	0.2294817448	0.6902442806
117	0.229465149	0.6903486766
118	0.2294425498	0.6903733557
119	0.2294231288	0.6903782199
120	0.2293687747	0.690730072
121	0.2293551324	0.6906209277
122	0.2293382184	0.6906350157
123	0.2293229283	0.6906048163
124	0.2292970933	0.6907093822
125	0.2292448892	0.6906596425
126	0.2291987308	0.6906890406
127	0.229186841	0.6906711003
128	0.2291672733	0.6907369711
129	0.2291549134	0.6909257368
130	0.2291067651	0.6908122728
131	0.2290935603	0.6907720485
132	0.2290744474	0.690788176
133	0.2290618853	0.6907745958
134	0.2290599715	0.6907833095
135	0.2290209514	0.690881947
136	0.2290055359	0.6908901423
137	0.2289666704	0.6909945868
138	0.2289613487	0.6909951005
139	0.2289347338	0.6910265796
140	0.2289237126	0.6911051516
141	0.2289101087	0.6910856942
142	0.228865157	0.6912258237
143	0.2288597841	0.6912583108
144	0.2288510061	0.6913741795
145	0.2288356239	0.6913618458
146	0.2288234994	0.6914030078
147	0.2288104215	0.6913672304
148	0.2288036481	0.6913503817
149	0.2288011812	0.6913178982
150	0.2288010093	0.6913222414
151	0.228792854	0.6912892378
152	0.2287829038	0.6912367834
153	0.2287828955	0.6912319208
154	0.2287733239	0.6912751678
155	0.2287531185	0.6912789921
156	0.2287360556	0.6913488189
157	0.2287148679	0.6913434348
158	0.2287062745	0.6914306213
159	0.2286931477	0.691424713
160	0.2286829699	0.6915026796
161	0.2286684179	0.6914236683
162	0.2286579494	0.6914507553
163	0.2286428729	0.6915429182
164	0.2286293175	0.6915554056
165	0.2286223741	0.6916387207
166	0.2286093079	0.691614409
167	0.2285890399	0.6917571292
168	0.2285807197	0.6917793292
169	0.2285741668	0.6917274204
170	0.2285613836	0.69180533
171	0.2285525255	0.6918961481
172	0.2285436003	0.6918782868
173	0.2285347058	0.6918371652
174	0.2285238863	0.6919156056
175	0.2285120124	0.6919497244
176	0.2284966216	0.6919437942
177	0.2284745024	0.6919415954
178	0.2284651464	0.6919691815
179	0.2284439562	0.691899948
180	0.2284316732	0.6918918159
181	0.2283946923	0.6919741068
182	0.2283866733	0.6920433221
183	0.2283779714	0.692057914
184	0.2283690076	0.6920908918
185	0.2283313822	0.6922104021
186	0.2283226469	0.6922514825
187	0.2283209964	0.6922082484
188	0.228290015	0.6923185005
189	0.2282775531	0.6923968556
190	0.2282708243	0.6924422403
191	0.2282626835	0.6924887081
192	0.2282541807	0.692548678
193	0.2282447803	0.6926080971
194	0.2282352158	0.6925800017
195	0.2282296767	0.6926707307
196	0.2282243833	0.6926620969
197	0.2282157822	0.6926102285
198	0.2282079796	0.692611813
199	0.2282053912	0.6926301745
200	0.2281934698	0.692684708
201	0.2281861319	0.6926933393
202	0.2281810357	0.6926247639
203	0.228174549	0.6926285337
204	0.2281663629	0.6926382608
205	0.2281556754	0.6926852561
206	0.2281385135	0.6927073825
207	0.2281236659	0.6927122464
208	0.2281177445	0.6926987515
209	0.2281099956	0.6927187568
210	0.2281033128	0.6927506109
211	0.228098242	0.6927652044
212	0.228084131	0.6927954052
213	0.2280755038	0.6928008201
214	0.2280644174	0.6929115062
215	0.2280542274	0.6928747964
216	0.2280442857	0.6929174771
217	0.2280406604	0.6929309667
218	0.2280325907	0.69298338
219	0.2280122413	0.6929633634
220	0.2280003517	0.6929714322
221	0.2279963077	0.6929482139
222	0.2279853013	0.6930351088
223	0.2279798156	0.6929881216
224	0.2279712026	0.6930048085
225	0.227964566	0.6930145381
226	0.2279578894	0.6930312219
227	0.2279501169	0.6929707571
228	0.227921948	0.6930948805
229	0.2279152114	0.6931223987
230	0.227906992	0.6931186479
231	0.2278985976	0.6931478388
232	0.2278955198	0.6931424159
233	0.227892156	0.6931753574
234	0.2278897366	0.6932217785
235	0.2278788111	0.6932240153
236	0.2278744768	0.6932461078
237	0.2278688692	0.693218031
238	0.2278562518	0.6932661327
239	0.2278469583	0.693418873
240	0.2278407766	0.6934727681
241	0.227833122	0.6934856758
242	0.2278297343	0.693452736
243	0.2278239184	0.6934991473
244	0.2278004017	0.6933700107
245	0.2277952743	0.6933900363
246	0.2277859107	0.693418107
247	0.2277612214	0.6934392634
248	0.2277449262	0.6934871547
249	0.2277230762	0.6934673367
250	0.2277078677	0.6935621956
251	0.2276999269	0.6935249577
252	0.2276745403	0.6936553263
253	0.2276657838	0.6936358598
254	0.2276508135	0.6936008981
255	0.2276395914	0.6935080973
256	0.2276278318	0.693563099
257	0.227624461	0.6937037427
258	0.2276150068	0.6936524862
259	0.2276062126	0.6936550805
260	0.2275972086	0.6937263678
261	0.227593139	0.693706902
262	0.2275856686	0.6937197932
263	0.2275834817	0.6937295257
264	0.2275587484	0.6936713834
265	0.2275452334	0.6936616507
266	0.2275326147	0.6937026047
267	0.2275227353	0.6938194367
268	0.2275159379	0.6938317495
269	0.2275090977	0.6938872836
270	0.2274971748	0.6939170565
271	0.2274630682	0.693994053
272	0.2274562355	0.6940215295
273	0.2274453599	0.6940409984
274	0.2274372034	0.6940318395
275	0.2274270387	0.6940238317
276	0.2274191864	0.6940324153
277	0.2274119998	0.6940226806
278	0.2274000716	0.6940673212
279	0.2273797897	0.6940678976
280	0.227372459	0.6941142645
281	0.2273541681	0.6940501571
282	0.2273323483	0.694099662
283	0.227318645	0.6941002391
284	0.2273019447	0.6941863645
285	0.2272937147	0.6941540274
286	0.2272823285	0.6941846279
287	0.2272693072	0.6941748934
288	0.2272592339	0.6941992301
289	0.227249864	0.6941797606
290	0.2272405311	0.6941242462
291	0.2272230935	0.6941279579
292	0.2272153165	0.6941737362
293	0.2272034071	0.6941914677
294	0.2271959307	0.6942609964
295	0.2271923619	0.6943159194
296	0.2271842573	0.6943568174
297	0.2271762791	0.6943470824
298	0.2271633496	0.6944105648
299	0.2271553502	0.6943685074
300	0.2271387302	0.694356444
301	0.2271295982	0.6943356021
302	0.2271212366	0.6944160159
303	0.2271105927	0.6944117317
304	0.227105836	0.6944495072
305	0.2270960183	0.6944824154
306	0.2270859725	0.6944964354
307	0.2270794524	0.6944726788
308	0.2270706366	0.6945007185
309	0.2270665745	0.6945379094
310	0.2270605926	0.6945092844
311	0.2270458955	0.694458659
312	0.2270379586	0.6944769622
313	0.2270323566	0.6945379094
314	0.2270274552	0.6945141527
315	0.2270158123	0.6946459485
316	0.2270121622	0.6946087639
317	0.2269960199	0.6946167378
318	0.2269929388	0.6946050704
319	0.226976853	0.6946965609
320	0.2269642065	0.6946899244
321	0.2269570681	0.6947442186
322	0.226951636	0.6946875679
323	0.2269468371	0.6947198767
324	0.2269459066	0.6947144189
325	0.2269367814	0.6947241551
326	0.2269323464	0.694677243
327	0.2269215504	0.6946675075
328	0.2269193021	0.6947040935
329	0.2269122407	0.6947644273
330	0.2269002321	0.6947912725
331	0.2268881833	0.6948303523
332	0.2268821724	0.6948943563
333	0.2268739005	0.6948663341
334	0.2268687095	0.6948772559
335	0.2268623977	0.6948181156
336	0.2268515836	0.6948980378
337	0.2268399449	0.6949254651
338	0.2268339498	0.6949663066
339	0.2268106869	0.6949845895
340	0.2267958133	0.6949443436
341	0.2267869138	0.6949680908
342	0.2267784046	0.6950272141
343	0.2267688757	0.6950790738
344	0.2267639947	0.6950839421
345	0.2267545937	0.6950504619
346	0.226747124	0.6951004286
347	0.2267419963	0.6951278442
348	0.2267370614	0.6951236591
349	0.2267285329	0.6951754079
350	0.2267200478	0.6951668697
351	0.2267102858	0.6952204904
352	0.2266807006	0.6953592762
353	0.2266715453	0.6954006891
354	0.2266690644	0.695395216
355	0.2266605987	0.6953635428
356	0.2266486694	0.695330663
357	0.2266379823	0.6953294587
358	0.2266171995	0.6953690152
359	0.2266107273	0.6953915534
360	0.2266020106	0.69544697
361	0.2265986108	0.6954274911
362	0.2265960721	0.6954676899
363	0.2265925415	0.6954567414
364	0.2265858178	0.6954098636
365	0.2265779749	0.6954049948
366	0.2265678782	0.6954323961
367	0.2265632229	0.6955005916
368	0.2265552006	0.6954932753
369	0.2265470936	0.6954920644
370	0.2265339142	0.6955115415
371	0.2265239272	0.6955206743
372	0.2265167907	0.6954993559
373	0.2265117477	0.6955364957
374	0.2265090277	0.6955218865
375	0.2265048383	0.6955267561
376	0.2264982237	0.695599818
377	0.2264916305	0.6956010334
378	0.2264840228	0.6956381713
379	0.2264754832	0.6957501768
380	0.2264556877	0.6957647882
381	0.2264493903	0.6956953944
382	0.2264301198	0.6956899147
383	0.226418606	0.6956552178
384	0.2264127054	0.6956600881
385	0.2264067527	0.6956777418
386	0.226396247	0.6957093954
387	0.2263910712	0.6956680015
388	0.2263809263	0.6956813934
389	0.2263765086	0.695669826
390	0.2263572974	0.6957611222
391	0.2263512241	0.6957806025
392	0.2263403697	0.6959868983
393	0.2263255784	0.6960215543
394	0.2263152375	0.6960659454
395	0.2263077027	0.6960373384
396	0.2262919958	0.6960415923
397	0.2262835458	0.6960233435
398	0.2262813044	0.6960458461
399	0.2262741911	0.6960275976
400	0.226265457	0.696091465
401	0.2262598616	0.696143189
402	0.2262508517	0.6961705581
403	0.2262405563	0.6961085492
404	0.2262335848	0.6961639119
405	0.2262244409	0.696146902
406	0.2262159443	0.6961511547
407	0.2262114615	0.6961456642
408	0.2262040994	0.6961955343
409	0.2261948272	0.6961772876
410	0.2261868082	0.69618092
411	0.2261767736	0.6962046574
412	0.2261702256	0.6962551429
413	0.2261613235	0.6962004058
414	0.2261549077	0.6962004058
415	0.2261535292	0.6962046574
416	0.2261474714	0.6961906628
417	0.226139429	0.6962229033
418	0.2261321716	0.6962600147
419	0.2261310365	0.6962508921
420	0.2261242119	0.6962648866
421	0.2261137147	0.6962642653
422	0.2260967136	0.6963889647
423	0.2260876841	0.6963433577
424	0.2260824854	0.6963664733
425	0.2260773406	0.6963531025
426	0.2260689241	0.6964296959
427	0.2260661645	0.6964576818
428	0.226059751	0.696480169
429	0.226051586	0.6965062753
430	0.2260442239	0.6965238865
431	0.2260332572	0.6965597325
432	0.2260307766	0.6965773404
433	0.226024193	0.6965858299
434	0.2260196182	0.6966333005
435	0.2260093203	0.6966625394
436	0.2259924683	0.6967172406
437	0.2259831147	0.6967002679
438	0.2259747529	0.6967519885
439	0.2259664788	0.6967464831
440	0.2259605877	0.6967683268
441	0.2259520039	0.6967780747
442	0.2259480536	0.696808399
443	0.2259374656	0.6967816848
444	0.2259247904	0.6968126403
445	0.2259095166	0.6967772618
446	0.2259011056	0.6967821349
447	0.2258961517	0.6968404269
448	0.225887456	0.6968173267
449	0.2258821883	0.6968410599
450	0.2258766447	0.6968137186
451	0.2258713256	0.6968130861
452	0.2258642205	0.6968039723
453	0.225855515	0.6969266809
454	0.2258525621	0.6969588901
455	0.2258443338	0.6969351579
456	0.225838264	0.6970239427
457	0.2258363773	0.6970141948
458	0.2258351131	0.6970148314
459	0.2258284305	0.6970281798
460	0.2258187707	0.6970021189
461	0.2258107111	0.696988133
462	0.2258013273	0.6971156872
463	0.2257941335	0.6971267141
464	0.2257864041	0.6971856099
465	0.225779642	0.6971618759
466	0.2257729653	0.697180735
467	0.2257686399	0.6971716254
468	0.2257615383	0.697206782
469	0.2257525728	0.6972110161
470	0.2257512493	0.6972158908
471	0.2257473642	0.6971648313
472	0.225745781	0.6971745803
473	0.2257434194	0.6971563617
474	0.2257352931	0.6971485309
475	0.22572675	0.6971114514
476	0.2257265268	0.6971114514
477	0.2257192408	0.6971241583
478	0.2257190989	0.6971290327
479	0.2257135691	0.6971381425
480	0.2256998305	0.6972048604
481	0.2256944152	0.6972571996
482	0.2256925416	0.6972347492
483	0.225686703	0.6972396241
484	0.2256822647	0.6973095425
485	0.2256742441	0.6973446873
486	0.2256695106	0.6973489192
487	0.2256597255	0.6973137751
488	0.2256498141	0.6973095425
489	0.2256412079	0.6973271155
490	0.2256342896	0.6972972217
491	0.2256270775	0.6973827699
492	0.2256188878	0.6973645578
493	0.2256095012	0.6974162519
494	0.2256017722	0.6974065012
495	0.225590731	0.6973918757
496	0.2255835935	0.6974630716
497	0.2255726793	0.6974653637
498	0.2255692279	0.6974829271
499	0.2255608025	0.6974848659
500	0.2255527491	0.6975346181
501	0.2255476891	0.6975151155
502	0.2255338179	0.697629232
503	0.2255263986	0.6977000971
504	0.2255172525	0.6976848196
505	0.2255123084	0.6976861202
506	0.2255053083	0.6977056238
507	0.2255016178	0.6977244772
508	0.2254950579	0.6976874209
509	0.2254925622	0.6977413764
510	0.22548566	0.6977426794
511	0.2254824598	0.6977651055
512	0.2254753601	0.6977371518
513	0.2254683787	0.6977839587
514	0.2254653977	0.6978021594
515	0.2254609234	0.6978379058
516	0.2254542473	0.6978463517
517	0.225445815	0.6978408217
518	0.2254334739	0.6979087333
519	0.2254270028	0.6979136097
520	0.2254199921	0.6978954135
521	0.2254131927	0.6978609813
522	0.2254053052	0.6978736488
523	0.2253989901	0.6978918462
524	0.2253852717	0.6979204517
525	0.2253793963	0.6978762657
526	0.2253717735	0.6979126631
527	0.2253632173	0.6979120081
528	0.22535525	0.6978931554
529	0.2253515754	0.6979539356
530	0.2253452516	0.6979721325
531	0.2253386769	0.6979441812
532	0.2253319958	0.6979217621
533	0.2253266445	0.6979454927
534	0.2253205932	0.6979454927
535	0.2253147549	0.6979139732
536	0.2253089882	0.6979188505
537	0.2253050011	0.6979370493
538	0.2253040628	0.6979188505
539	0.2252983544	0.6978951194
540	0.225290619	0.6979029091
541	0.2252855033	0.6978791796
542	0.2252796864	0.6979064762
543	0.2252762578	0.6979204517
544	0.2252719988	0.6979220525
545	0.2252609212	0.6979772926
546	0.2252539555	0.6979529099
547	0.2252515822	0.6979863896
548	0.2252437059	0.6980465038
549	0.2252388589	0.6980556002
550	0.2252309182	0.6980653545
551	0.2252200985	0.6980871072
552	0.2252125673	0.6980780114
553	0.2252046411	0.698101739
554	0.225194295	0.6980926431
555	0.225188396	0.6981066164
556	0.2251820045	0.6980877658
557	0.2251758967	0.6981332439
558	0.2251713983	0.6981472166
559	0.2251623492	0.6981296854
560	0.2251560432	0.6981303449
561	0.2251490506	0.698089083
562	0.2251372458	0.6981378612
563	0.2251285041	0.6981840033
564	0.2251216992	0.6982252655
565	0.225116765	0.698207735
566	0.2251061447	0.698238578
567	0.2251005368	0.6982372545
568	0.2250925522	0.6982112912
569	0.2250856201	0.6982483353
570	0.2250764716	0.6982902579
571	0.225068271	0.6982853789
572	0.2250629447	0.6982532141
573	0.2250558795	0.6983406114
574	0.2250504656	0.6983825328
575	0.2250482012	0.6983588002
576	0.2250427087	0.6984049354
577	0.2250360715	0.6984182433
578	0.2250298086	0.698449737
579	0.2250229265	0.6984413098
580	0.225018039	0.698460829
581	0.2250141854	0.6984705891
582	0.2250047414	0.6985244802
583	0.2249997944	0.6985007475
584	0.2249915948	0.6985756896
585	0.2249884339	0.6985588443
586	0.2249796133	0.6985497527
587	0.2249711001	0.6985909983
588	0.2249635881	0.6986586559
589	0.224953631	0.6987132019
590	0.2249520621	0.6987076493
591	0.2249437497	0.698735592
592	0.2249361983	0.6987027684
593	0.2249332213	0.6987202772
594	0.2249271382	0.6987063064
595	0.224919001	0.6987196055
596	0.2249155273	0.6987007544
597	0.2249093036	0.6987475464
598	0.2249059777	0.6987504104
599	0.2249048257	0.698732904
600	0.2248975936	0.6987510827
601	0.2248905647	0.6988014081
602	0.2248831821	0.6988426427
603	0.2248720213	0.6989362222
604	0.2248702135	0.6988803442
605	0.2248624132	0.698917371
606	0.2248564366	0.6988991954
607	0.2248505475	0.6988370875
608	0.2248469691	0.6988497077
609	0.2248418771	0.6988364134
610	0.2248345835	0.6989706848
611	0.2248276001	0.6989609229
612	0.2248192592	0.6989553656
613	0.2248092367	0.6989686546
614	0.2248018761	0.6989365194
615	0.224793227	0.6989644506
616	0.2247861072	0.6989533365
617	0.2247784455	0.6989533365
618	0.2247728085	0.6989896733
619	0.2247644534	0.6990680303
620	0.2247557799	0.6990540682
621	0.2247477316	0.6990945962
622	0.224743623	0.6991029982
623	0.2247408005	0.6990533899
624	0.2247371241	0.6990394281
625	0.2247327447	0.6990527117
626	0.2247285077	0.699084157
627	0.2247230646	0.6991645204
628	0.2247170935	0.6991897155
629	0.2247090028	0.6991848357
630	0.2247031625	0.6991890345
631	0.224699075	0.6991673588
632	0.2246919079	0.6991164031
633	0.2246851166	0.6991345617
634	0.2246807486	0.6991764377
635	0.2246743101	0.6991945953
636	0.2246664531	0.6991492005
637	0.2246621579	0.69915896
638	0.2246573386	0.6992287559
639	0.2246536984	0.6992252391
640	0.2246478217	0.6992482777
641	0.2246432097	0.6992427151
642	0.2246400198	0.6992657528
643	0.224630993	0.6993118274
644	0.2246238639	0.6993711745
645	0.2246221648	0.6993698051
646	0.2246213226	0.6993711745
647	0.224617085	0.6993746859
648	0.2246099824	0.6993907843
649	0.224600867	0.6995059454
650	0.2245941376	0.6995108267
651	0.2245871676	0.6995359872
652	0.2245829587	0.699532482
653	0.224577694	0.6995743493
654	0.2245710461	0.6995924975
655	0.2245691741	0.6996287923
656	0.2245652874	0.6996294823
657	0.2245598435	0.6996246005
658	0.2245530587	0.6996308624
659	0.2245470383	0.6996490102
660	0.224544133	0.6996266704
661	0.2245390128	0.6996217883
662	0.2245328411	0.6996217883
663	0.2245267237	0.6996392461
664	0.2245203319	0.6996755399
665	0.2245115869	0.6996036398
666	0.2245072369	0.6996273604
667	0.2244990981	0.6996734215
668	0.2244956647	0.6996776129
669	0.2244913029	0.6996713487
670	0.2244847069	0.6996678483
671	0.2244771536	0.6997090244
672	0.2244685364	0.6997215962
673	0.2244558029	0.6996887605
674	0.2244512702	0.6996643476
675	0.2244466337	0.6997020258
676	0.2244397281	0.6996936433
677	0.2244331503	0.6997131751
678	0.2244267937	0.6997027174
679	0.2244231339	0.6996852603
680	0.2244201351	0.6997131751
681	0.2244128738	0.6997069086
682	0.2244084586	0.6997892621
683	0.224403273	0.6998262471
684	0.2243960866	0.6998311306
685	0.2243906411	0.6998269413
686	0.224385901	0.699812985
687	0.2243782621	0.6997850723
688	0.2243748719	0.6998702187
689	0.2243683383	0.6998478865
690	0.2243651656	0.6998709137
691	0.2243594648	0.6998667253
692	0.2243539831	0.6998562637
693	0.2243478555	0.6998890571
694	0.2243445806	0.6998841737
695	0.224338485	0.6998471919
696	0.2243320351	0.6997327453
697	0.2243249348	0.6997557742
698	0.2243198663	0.699795561
699	0.2243163328	0.6998074078
700	0.2243135241	0.6998716088
701	0.2243073681	0.6998897526
702	0.2243028879	0.699921851
703	0.2242997018	0.6999399936
704	0.2242976297	0.7000083726
705	0.2242957251	0.6999448774
706	0.2242891826	0.6999874402
707	0.224285651	0.70000628
708	0.224274183	0.6999413784
709	0.2242710554	0.6999267246
710	0.224267409	0.6999441731
711	0.2242623194	0.7000802428
712	0.2242552322	0.7000760573
713	0.2242474834	0.7001011687
714	0.2242371607	0.7001409492
715	0.2242271677	0.7001430316
716	0.2242213629	0.7001632733
717	0.2242159883	0.7001681587
718	0.2242090786	0.7002002526
719	0.2241995241	0.7002086197
720	0.2241897296	0.7002532599
721	0.2241850268	0.7003272101
722	0.2241807634	0.7002860532
723	0.2241733271	0.7002811674
724	0.2241717292	0.7002672137
725	0.224168669	0.7002985991
726	0.224162239	0.7002748748
727	0.2241559353	0.700251854
728	0.2241508089	0.7002665104
729	0.2241441801	0.7002888278
730	0.2241386667	0.7002985991
731	0.2241348478	0.7002672137
732	0.2241270133	0.700305597
733	0.2241216483	0.7002720994
734	0.2241152427	0.7002944172
735	0.2241095004	0.7003404588
736	0.2241020974	0.7003320961
737	0.2240934036	0.7003802547
738	0.2240841062	0.7003181869
739	0.2240776276	0.7003363244
740	0.2240732118	0.7003691221
741	0.2240662779	0.7003551667
742	0.2240615307	0.7003468031
743	0.2240552909	0.7003279604
744	0.2240459586	0.7004081633
745	0.2240376818	0.7004451391
746	0.2240340574	0.7004904731
747	0.2240285684	0.7004765194
748	0.2240226462	0.7005288643
749	0.2240183864	0.7005246853
750	0.2240164525	0.7005295731
751	0.2240122355	0.7005644199
752	0.2240053409	0.7006090372
753	0.2239976185	0.700567179
754	0.2239922265	0.700588777
755	0.2239890093	0.7005804219
756	0.2239843929	0.7005845995
757	0.2239803268	0.700588777
758	0.2239736406	0.7006396975
759	0.223963995	0.700649473
760	0.2239598288	0.7006543608
761	0.2239553414	0.7006599601
762	0.2239510158	0.7007185211
763	0.2239443793	0.7006955054
764	0.2239391865	0.7007045692
765	0.2239333637	0.7007185211
766	0.2239312027	0.7007505999
767	0.223925008	0.7007338989
768	0.2239188403	0.70076944
769	0.2239125578	0.7007603767
770	0.223907688	0.7008015179
771	0.2239037179	0.7008056922
772	0.2239018652	0.7008000893
773	0.2238931856	0.700832165
774	0.2238886633	0.7009012025
775	0.2238817282	0.7008894004
776	0.223875358	0.7009165864
777	0.2238717627	0.7008977462
778	0.2238675434	0.7009012025
779	0.2238593772	0.7009618939
780	0.2238561679	0.7009597411
781	0.2238477043	0.7009465087
782	0.2238440397	0.7009695194
783	0.2238358658	0.7010253191
784	0.2238290142	0.7010762288
785	0.2238226474	0.7010803987
786	0.2238152849	0.7011034079
787	0.2238088949	0.7011298647
788	0.2238037421	0.7011374811
789	0.2238005259	0.7011737138
790	0.2237927329	0.7011367599
791	0.2237877356	0.7011967195
792	0.2237846598	0.7011729919
793	0.223782314	0.7011729919
794	0.2237769165	0.7011911071
795	0.223774358	0.70117227
796	0.223773208	0.70117227
797	0.2237664142	0.7011715481
798	0.2237606833	0.701149265
799	0.2237549461	0.7011862173
800	0.2237474597	0.7012405598
801	0.2237404842	0.7012557786
802	0.2237331405	0.7011972749
803	0.223725135	0.7012161107
804	0.2237184525	0.7012266131
805	0.2237159319	0.7012405598
806	0.2237075708	0.7012092219
807	0.2237009148	0.7012092219
808	0.2236948824	0.7012092219
809	0.2236883015	0.7012224461
810	0.2236879709	0.7012224461
811	0.2236828695	0.7012224461
812	0.2236768984	0.7012496165
813	0.223676552	0.7012635631
814	0.2236725624	0.7012956222
815	0.2236667076	0.7012635631
816	0.223659057	0.70125034
817	0.223654944	0.7012356699
818	0.2236477526	0.7012363931
819	0.2236414424	0.7012775097
820	0.2236389197	0.7012948978
821	0.2236343485	0.701286566
822	0.2236278365	0.7012525106
823	0.2236243299	0.7012650107
824	0.2236195619	0.7012831241
825	0.2236127797	0.7012802276
826	0.2236109957	0.7012670056
827	0.2236051845	0.7012579493
828	0.2236007239	0.7012481696
829	0.2235931895	0.7012077766
830	0.2235886725	0.7012726195
831	0.2235835746	0.7012802276
832	0.223583043	0.7012802276
833	0.2235784627	0.7012983391
834	0.2235725289	0.701340176
835	0.2235689513	0.701353396
836	0.2235600795	0.7013582864
837	0.2235551725	0.7013687932
838	0.2235500615	0.7013577501
839	0.2235445057	0.7013793007
840	0.2235433191	0.7013841916
841	0.2235361421	0.7013785746
842	0.2235338347	0.7013966851
843	0.2235315145	0.7014204129
844	0.2235242841	0.7014245769
845	0.2235159484	0.7014231228
846	0.2235083377	0.70145934
847	0.2235047853	0.7014725569
848	0.223501698	0.7014955552
849	0.2234948682	0.701513662
850	0.2234888779	0.7015388477
851	0.2234837788	0.7014823388
852	0.223476302	0.7014835885
853	0.2234694708	0.7014647546
854	0.2234637698	0.7014821322
855	0.2234601609	0.7014549739
856	0.2234557604	0.7014451935
857	0.2234503201	0.7014708958
858	0.2234428346	0.7014542463
859	0.2234357134	0.701463299
860	0.2234304846	0.7015065848
861	0.2234276696	0.7014772418
862	0.2234245849	0.7015058561
863	0.2234225574	0.7015288516
864	0.2234181178	0.7015043989
865	0.223413613	0.7014591365
866	0.2234062588	0.7014535188
867	0.22339829	0.701481404
868	0.2233928538	0.7015051275
869	0.2233884124	0.7015496581
870	0.2233773563	0.7016262259
871	0.2233717691	0.7016609628
872	0.223364983	0.7016499488
873	0.223360969	0.701608125
874	0.2233544837	0.7016770992
875	0.2233491373	0.7016966638
876	0.223344365	0.7017536523
877	0.2233390639	0.7017035158
878	0.223335071	0.7017487611
879	0.2233325101	0.701675635
880	0.2233288262	0.7016790616
881	0.2233267219	0.7016971598
882	0.2233207808	0.7017382456
883	0.2233172717	0.7017277308
884	0.2233104344	0.7017619672
885	0.2233041594	0.7017619672
886	0.2233015732	0.7017277308
887	0.2232969094	0.7017277308
888	0.2232912841	0.7017695476
889	0.2232893716	0.7017514514
890	0.2232845871	0.7017563423
891	0.2232826793	0.7017563423
892	0.2232765365	0.7017409364
893	0.2232685464	0.7017277308
894	0.2232657235	0.7016964273
895	0.2232643823	0.7017103667
896	0.2232602247	0.7016805258
897	0.2232581387	0.7016881107
898	0.2232517687	0.7017250392
899	0.2232445089	0.7017110995
900	0.2232431587	0.701701318
901	0.2232425299	0.7017201483
902	0.2232375358	0.7017299302
903	0.2232326374	0.7017269978
904	0.2232306213	0.7017534079
905	0.2232241215	0.7018118467
906	0.2232199695	0.701861969
907	0.2232103654	0.7018736979
908	0.2232030656	0.7018458258
909	0.2231968092	0.7018778525
910	0.2231912182	0.701925288
911	0.2231863266	0.7019023065
912	0.2231829944	0.701898152
913	0.2231775515	0.7019008334
914	0.223171843	0.7019218709
915	0.2231716789	0.7019399615
916	0.2231657922	0.7019490067
917	0.2231555151	0.7019580517
918	0.2231507815	0.7019746652
919	0.2231455138	0.7020108415
920	0.2231377263	0.7019663587
921	0.2231357463	0.70197125
922	0.2231296767	0.7020186887
923	0.2231226325	0.7019580517
924	0.2231218815	0.701971988
925	0.2231158978	0.701971988
926	0.2231114807	0.7020164718
927	0.2231108594	0.7020247767
928	0.2231078204	0.7020206243
929	0.2231031928	0.702048495
930	0.223099561	0.7020624303
931	0.2230974054	0.7020707338
932	0.2230917591	0.7020492346
933	0.2230896444	0.7020624303
934	0.2230829795	0.7020172107
935	0.2230785143	0.7020025363
936	0.2230741804	0.7020507139
937	0.2230712877	0.7020714739
938	0.2230668695	0.701994969
939	0.223056373	0.7020179497
940	0.2230504119	0.7019448529
941	0.223043688	0.7019942305
942	0.2230368048	0.7020240376
943	0.2230310009	0.7019983835
944	0.2230263678	0.7020059503
945	0.2230212557	0.7020191464
946	0.2230180354	0.7020477554
947	0.223013401	0.7020888201
948	0.2230080834	0.7020929714
949	0.2230001185	0.7020922309
950	0.2229920158	0.7021054245
951	0.2229865098	0.7021672344
952	0.2229838681	0.7021457433
953	0.2229800626	0.7021276596
954	0.22297613	0.7021860588
955	0.2229720996	0.7021804249
956	0.2229659811	0.7022041408
957	0.2229645515	0.702172126
958	0.2229574513	0.7021804249
959	0.2229526466	0.7022090326
960	0.2229515919	0.7022173304
961	0.2229467502	0.7022312628
962	0.2229405212	0.7022048835
963	0.2229383187	0.7022271141
964	0.222932425	0.7022222222
965	0.2229255762	0.7022625317
966	0.2229187091	0.7023009244
967	0.2229123306	0.7023092195
968	0.2229061016	0.7023175141
969	0.2228997814	0.7023167691
970	0.2228906638	0.7022798671
971	0.2228848735	0.7023341018
972	0.2228791907	0.7023326113
973	0.2228785079	0.7023277195
974	0.2228729701	0.7023902385
975	0.2228676732	0.7023936374
976	0.2228603765	0.7024068193
977	0.2228555744	0.7024166028
978	0.2228508719	0.7024354233
979	0.2228482294	0.7023721636
980	0.2228377316	0.7024437124
981	0.2228315837	0.7024742168
982	0.222826064	0.7024700729
983	0.2228200433	0.7024693249
984	0.2228158967	0.7024693249
985	0.2228147928	0.7024832523
986	0.2228077954	0.7024922878
987	0.2228034582	0.7025118559
988	0.2227961037	0.7025159992
989	0.222791807	0.7025257836
990	0.2227857683	0.7025299267
991	0.2227805937	0.7025382125
992	0.2227749934	0.7025875275
993	0.2227696976	0.7025193933
994	0.2227637397	0.7026146294
995	0.2227567397	0.7026383405
996	0.222755606	0.7026153803
997	0.2227514101	0.7026341993
998	0.2227473031	0.7026357021
999	0.2227423695	0.7026676973
